{"payload":{"installed_packages":["absl-py==2.1.0","appdirs==1.4.4","astunparse==1.6.3","attrs==23.2.0","cachetools==5.3.3","certifi==2024.2.2","cfclient==2024.2","cffi==1.16.0","cflib==0.1.25.1","charset-normalizer==3.3.2","colorama==0.4.6","comet-ml==3.39.0","configobj==5.0.8","contourpy==1.1.1","cycler==0.12.1","dulwich==0.21.7","everett==3.1.0","filelock==3.13.1","flatbuffers==2.0","fonttools==4.49.0","freetype-py==2.4.0","fsspec==2024.2.0","gast==0.4.0","gitdb==4.0.11","gitpython==3.1.42","google-auth==2.28.2","google-auth-oauthlib==0.4.6","google-pasta==0.2.0","grpcio==1.62.1","h5py==3.10.0","hsluv==5.0.4","idna==3.6","importlib-metadata==7.0.2","importlib-resources==6.1.1","jinja2==3.1.3","jsonschema==4.21.1","jsonschema-specifications==2023.12.1","keras==2.9.0","keras-preprocessing==1.1.2","kiwisolver==1.4.5","labelimg==1.8.6","libclang==16.0.6","libusb-package==1.0.26.2","lxml==5.1.0","markdown==3.6","markdown-it-py==3.0.0","markupsafe==2.1.5","matplotlib==3.7.5","mdurl==0.1.2","mediapipe==0.10.9","mpmath==1.3.0","networkx==3.1","numpy==1.24.3","oauthlib==3.2.2","opencv-contrib-python==4.9.0.80","opencv-python==4.9.0.80","opt-einsum==3.3.0","packaging==23.2","pandas==2.0.3","pillow==10.2.0","pip==24.0","pkgutil-resolve-name==1.3.10","protobuf==3.19.6","psutil==5.9.8","py-cpuinfo==9.0.0","pyasn1==0.5.1","pyasn1-modules==0.3.0","pycparser==2.21","pygments==2.17.2","pyparsing==3.1.1","pyqt5==5.15.10","pyqt5-qt5==5.15.2","pyqt5-sip==12.13.0","pyqt6==6.6.1","pyqt6-qt6==6.6.1","pyqt6-sip==13.6.0","pyqtgraph==0.13.3","pysdl2==0.9.16","pysdl2-dll==2.24.0","pyserial==3.5","python-box==6.1.0","python-dateutil==2.8.2","pytz==2024.1","pyusb==1.2.1","pyyaml==6.0.1","pyzmq==25.1.2","referencing==0.34.0","requests==2.31.0","requests-oauthlib==1.4.0","requests-toolbelt==1.0.0","rich==13.7.1","rpds-py==0.18.0","rsa==4.9","scipy==1.10.1","seaborn==0.13.2","semantic-version==2.10.0","sentry-sdk==1.42.0","setuptools==69.2.0","simplejson==3.19.2","six==1.16.0","smmap==5.0.1","sounddevice==0.4.6","sympy==1.12","tensorboard==2.9.1","tensorboard-data-server==0.6.1","tensorboard-plugin-wit==1.8.1","tensorflow-estimator==2.9.0","tensorflow-io-gcs-filesystem==0.31.0","termcolor==2.4.0","thop==0.1.1.post2209072238","torch==2.2.1+cu118","torchaudio==2.2.1+cu118","torchvision==0.17.1","tqdm==4.66.2","typing-extensions==4.10.0","tzdata==2024.1","ultralytics==8.1.28","urllib3==2.2.1","vispy==0.13.0","websocket-client==1.3.3","werkzeug==3.0.1","wheel==0.43.0","wrapt==1.16.0","wurlitzer==3.0.3","zipp==3.17.0"],"local_timestamp":1710602943395,"message_id":1},"type":"ws_msg"}
{"payload":{"env_details":{"command":["train.py","--img","416","--batch","16","--epochs","100","--data","custom_data.yaml","--weights","yolov5s.pt","--nosave","--cache"],"env":null,"hostname":"steppenwolf","ip":"192.168.1.244","machine":"AMD64","os":"Windows-10-10.0.22631-SP0","os_release":"10","os_type":"Windows","pid":16944,"processor":"Intel64 Family 6 Model 186 Stepping 2, GenuineIntel","python_exe":"C:\\Users\\luisa\\AppData\\Local\\Programs\\Python\\Python38\\python.exe","python_version":"3.8.10","python_version_verbose":"3.8.10 (tags/v3.8.10:3d8993a, May  3 2021, 11:48:03) [MSC v.1928 64 bit (AMD64)]","user":"luisa"},"local_timestamp":1710602943549,"message_id":2},"type":"ws_msg"}
{"payload":{"gpu_static_info":[{"gpu_index":0,"name":"NVIDIA GeForce RTX 4060 Laptop GPU","power_limit":39650,"total_memory":8585740288,"uuid":"GPU-30ab1534-932e-5dd6-c7e5-aa73330456ae"}],"local_timestamp":1710602943571,"message_id":3},"type":"ws_msg"}
{"payload":{"local_timestamp":1710602943571,"message_id":4,"metric":{"epoch":null,"metricName":"sys.gpu.0.total_memory","metricValue":8585740288,"step":null}},"type":"metric_msg"}
{"payload":{"local_timestamp":1710602943572,"message_id":5,"param":{"paramName":"img","paramValue":416,"source":"cli","step":null}},"type":"parameter_msg"}
{"payload":{"local_timestamp":1710602943572,"message_id":6,"param":{"paramName":"batch","paramValue":16,"source":"cli","step":null}},"type":"parameter_msg"}
{"payload":{"local_timestamp":1710602943572,"message_id":7,"param":{"paramName":"epochs","paramValue":100,"source":"cli","step":null}},"type":"parameter_msg"}
{"payload":{"local_timestamp":1710602943572,"message_id":8,"param":{"paramName":"data","paramValue":"custom_data.yaml","source":"cli","step":null}},"type":"parameter_msg"}
{"payload":{"local_timestamp":1710602943572,"message_id":9,"param":{"paramName":"weights","paramValue":"yolov5s.pt","source":"cli","step":null}},"type":"parameter_msg"}
{"payload":{"local_timestamp":1710602943572,"message_id":10,"param":{"paramName":"nosave","paramValue":true,"source":"cli","step":null}},"type":"parameter_msg"}
{"payload":{"local_timestamp":1710602943572,"message_id":11,"param":{"paramName":"cache","paramValue":true,"source":"cli","step":null}},"type":"parameter_msg"}
{"payload":{"local_timestamp":1710602943573,"log_other":{"key":"offline_experiment","val":true},"message_id":12},"type":"ws_msg"}
{"payload":{"local_timestamp":1710602943573,"log_other":{"key":"Name","val":"exp"},"message_id":13},"type":"ws_msg"}
{"payload":{"local_timestamp":1710602943575,"message_id":14,"stderr":true,"stdout":"Traceback (most recent call last):\n"},"type":"ws_msg"}
{"payload":{"local_timestamp":1710602943575,"message_id":15,"stderr":true,"stdout":"  File \"train.py\", line 848, in <module>\n"},"type":"ws_msg"}
{"payload":{"local_timestamp":1710602943575,"message_id":16,"stderr":true,"stdout":"    "},"type":"ws_msg"}
{"payload":{"local_timestamp":1710602943575,"message_id":17,"stderr":true,"stdout":"main(opt)"},"type":"ws_msg"}
{"payload":{"local_timestamp":1710602943576,"message_id":18,"stderr":true,"stdout":"\n"},"type":"ws_msg"}
{"payload":{"local_timestamp":1710602943576,"message_id":19,"metric":{"epoch":null,"metricName":"sys.gpu.0.gpu_utilization","metricValue":0,"step":null}},"type":"metric_msg"}
{"payload":{"local_timestamp":1710602943576,"message_id":20,"metric":{"epoch":null,"metricName":"sys.gpu.0.power_usage","metricValue":10972,"step":null}},"type":"metric_msg"}
{"payload":{"local_timestamp":1710602943576,"message_id":21,"metric":{"epoch":null,"metricName":"sys.gpu.0.temperature","metricValue":46,"step":null}},"type":"metric_msg"}
{"payload":{"local_timestamp":1710602943576,"message_id":22,"metric":{"epoch":null,"metricName":"sys.gpu.0.memory_utilization","metricValue":0,"step":null}},"type":"metric_msg"}
{"payload":{"local_timestamp":1710602943576,"message_id":23,"metric":{"epoch":null,"metricName":"sys.gpu.0.free_memory","metricValue":8346664960,"step":null}},"type":"metric_msg"}
{"payload":{"local_timestamp":1710602943576,"message_id":24,"metric":{"epoch":null,"metricName":"sys.gpu.0.used_memory","metricValue":239075328,"step":null}},"type":"metric_msg"}
{"payload":{"local_timestamp":1710602943576,"message_id":25,"metric":{"epoch":null,"metricName":"sys.gpu.0.percent.used_memory","metricValue":2.784562774792379,"step":null}},"type":"metric_msg"}
{"payload":{"local_timestamp":1710602943576,"message_id":26,"stderr":true,"stdout":"  File \"train.py\", line 623, in main\n"},"type":"ws_msg"}
{"payload":{"local_timestamp":1710602943577,"message_id":27,"stderr":true,"stdout":"    "},"type":"ws_msg"}
{"payload":{"local_timestamp":1710602943577,"message_id":28,"stderr":true,"stdout":"train(opt.hyp, opt, device, callbacks)"},"type":"ws_msg"}
{"payload":{"local_timestamp":1710602943577,"message_id":29,"stderr":true,"stdout":"\n"},"type":"ws_msg"}
{"payload":{"local_timestamp":1710602943578,"message_id":30,"stderr":true,"stdout":"  File \"train.py\", line 153, in train\n"},"type":"ws_msg"}
{"payload":{"local_timestamp":1710602943579,"message_id":31,"stderr":true,"stdout":"    "},"type":"ws_msg"}
{"payload":{"local_timestamp":1710602943579,"message_id":32,"stderr":true,"stdout":"loggers = Loggers("},"type":"ws_msg"}
{"payload":{"local_timestamp":1710602943579,"message_id":33,"stderr":true,"stdout":"\n"},"type":"ws_msg"}
{"payload":{"local_timestamp":1710602943579,"message_id":34,"stderr":true,"stdout":"  File \"C:\\Users\\luisa\\Dropbox\\UVMstuff\\AIR lab\\Yolo8_Training\\yolov5\\utils\\loggers\\__init__.py\", line 148, in __init__\n"},"type":"ws_msg"}
{"payload":{"local_timestamp":1710602943579,"message_id":35,"stderr":true,"stdout":"    "},"type":"ws_msg"}
{"payload":{"local_timestamp":1710602943579,"message_id":36,"stderr":true,"stdout":"self.comet_logger = CometLogger(self.opt, self.hyp)"},"type":"ws_msg"}
{"payload":{"local_timestamp":1710602943579,"message_id":37,"stderr":true,"stdout":"\n"},"type":"ws_msg"}
{"payload":{"local_timestamp":1710602943579,"message_id":38,"stderr":true,"stdout":"  File \"C:\\Users\\luisa\\Dropbox\\UVMstuff\\AIR lab\\Yolo8_Training\\yolov5\\utils\\loggers\\comet\\__init__.py\", line 97, in __init__\n"},"type":"ws_msg"}
{"payload":{"local_timestamp":1710602943585,"message_id":39,"stderr":true,"stdout":"    "},"type":"ws_msg"}
{"payload":{"local_timestamp":1710602943585,"message_id":40,"stderr":true,"stdout":"self.data_dict = self.check_dataset(self.opt.data)"},"type":"ws_msg"}
{"payload":{"local_timestamp":1710602943586,"message_id":41,"stderr":true,"stdout":"\n"},"type":"ws_msg"}
{"payload":{"local_timestamp":1710602943586,"message_id":42,"stderr":true,"stdout":"  File \"C:\\Users\\luisa\\Dropbox\\UVMstuff\\AIR lab\\Yolo8_Training\\yolov5\\utils\\loggers\\comet\\__init__.py\", line 247, in check_dataset\n"},"type":"ws_msg"}
{"payload":{"local_timestamp":1710602943587,"message_id":43,"stderr":true,"stdout":"    "},"type":"ws_msg"}
{"payload":{"local_timestamp":1710602943587,"message_id":44,"stderr":true,"stdout":"data_config = yaml.safe_load(f)"},"type":"ws_msg"}
{"payload":{"local_timestamp":1710602943588,"message_id":45,"stderr":true,"stdout":"\n"},"type":"ws_msg"}
{"payload":{"local_timestamp":1710602943588,"message_id":46,"stderr":true,"stdout":"  File \"C:\\Users\\luisa\\AppData\\Local\\Programs\\Python\\Python38\\lib\\site-packages\\yaml\\__init__.py\", line 125, in safe_load\n"},"type":"ws_msg"}
{"payload":{"local_timestamp":1710602943589,"message_id":47,"stderr":true,"stdout":"    "},"type":"ws_msg"}
{"payload":{"local_timestamp":1710602943589,"message_id":48,"stderr":true,"stdout":"return load(stream, SafeLoader)"},"type":"ws_msg"}
{"payload":{"local_timestamp":1710602943589,"message_id":49,"stderr":true,"stdout":"\n"},"type":"ws_msg"}
{"payload":{"local_timestamp":1710602943589,"message_id":50,"stderr":true,"stdout":"  File \"C:\\Users\\luisa\\AppData\\Local\\Programs\\Python\\Python38\\lib\\site-packages\\yaml\\__init__.py\", line 79, in load\n"},"type":"ws_msg"}
{"payload":{"local_timestamp":1710602943593,"message_id":51,"stderr":true,"stdout":"    "},"type":"ws_msg"}
{"payload":{"local_timestamp":1710602943593,"message_id":52,"stderr":true,"stdout":"loader = Loader(stream)"},"type":"ws_msg"}
{"payload":{"local_timestamp":1710602943593,"message_id":53,"stderr":true,"stdout":"\n"},"type":"ws_msg"}
{"payload":{"local_timestamp":1710602943593,"message_id":54,"stderr":true,"stdout":"  File \"C:\\Users\\luisa\\AppData\\Local\\Programs\\Python\\Python38\\lib\\site-packages\\yaml\\loader.py\", line 34, in __init__\n"},"type":"ws_msg"}
{"payload":{"local_timestamp":1710602943596,"message_id":55,"stderr":true,"stdout":"    "},"type":"ws_msg"}
{"payload":{"local_timestamp":1710602943596,"message_id":56,"stderr":true,"stdout":"Reader.__init__(self, stream)"},"type":"ws_msg"}
{"payload":{"local_timestamp":1710602943596,"message_id":57,"stderr":true,"stdout":"\n"},"type":"ws_msg"}
{"payload":{"local_timestamp":1710602943597,"message_id":58,"stderr":true,"stdout":"  File \"C:\\Users\\luisa\\AppData\\Local\\Programs\\Python\\Python38\\lib\\site-packages\\yaml\\reader.py\", line 85, in __init__\n"},"type":"ws_msg"}
{"payload":{"local_timestamp":1710602943598,"message_id":59,"stderr":true,"stdout":"    "},"type":"ws_msg"}
{"payload":{"local_timestamp":1710602943598,"message_id":60,"stderr":true,"stdout":"self.determine_encoding()"},"type":"ws_msg"}
{"payload":{"local_timestamp":1710602943598,"message_id":61,"stderr":true,"stdout":"\n"},"type":"ws_msg"}
{"payload":{"local_timestamp":1710602943598,"message_id":62,"stderr":true,"stdout":"  File \"C:\\Users\\luisa\\AppData\\Local\\Programs\\Python\\Python38\\lib\\site-packages\\yaml\\reader.py\", line 124, in determine_encoding\n"},"type":"ws_msg"}
{"payload":{"local_timestamp":1710602943601,"message_id":63,"stderr":true,"stdout":"    "},"type":"ws_msg"}
{"payload":{"local_timestamp":1710602943601,"message_id":64,"stderr":true,"stdout":"self.update_raw()"},"type":"ws_msg"}
{"payload":{"local_timestamp":1710602943601,"message_id":65,"stderr":true,"stdout":"\n"},"type":"ws_msg"}
{"payload":{"local_timestamp":1710602943602,"message_id":66,"stderr":true,"stdout":"  File \"C:\\Users\\luisa\\AppData\\Local\\Programs\\Python\\Python38\\lib\\site-packages\\yaml\\reader.py\", line 178, in update_raw\n"},"type":"ws_msg"}
{"payload":{"local_timestamp":1710602943602,"message_id":67,"stderr":true,"stdout":"    "},"type":"ws_msg"}
{"payload":{"local_timestamp":1710602943602,"message_id":68,"stderr":true,"stdout":"data = self.stream.read(size)"},"type":"ws_msg"}
{"payload":{"local_timestamp":1710602943602,"message_id":69,"stderr":true,"stdout":"\n"},"type":"ws_msg"}
{"payload":{"local_timestamp":1710602943603,"message_id":70,"stderr":true,"stdout":"  File \"C:\\Users\\luisa\\AppData\\Local\\Programs\\Python\\Python38\\lib\\encodings\\cp1252.py\", line 23, in decode\n"},"type":"ws_msg"}
{"payload":{"local_timestamp":1710602943607,"message_id":71,"stderr":true,"stdout":"    "},"type":"ws_msg"}
{"payload":{"local_timestamp":1710602943607,"message_id":72,"stderr":true,"stdout":"return codecs.charmap_decode(input,self.errors,decoding_table)[0]"},"type":"ws_msg"}
{"payload":{"local_timestamp":1710602943607,"message_id":73,"stderr":true,"stdout":"\n"},"type":"ws_msg"}
{"payload":{"local_timestamp":1710602943607,"message_id":74,"stderr":true,"stdout":"UnicodeDecodeError"},"type":"ws_msg"}
{"payload":{"local_timestamp":1710602943607,"message_id":75,"stderr":true,"stdout":": "},"type":"ws_msg"}
{"payload":{"local_timestamp":1710602943607,"message_id":76,"stderr":true,"stdout":"'charmap' codec can't decode byte 0x90 in position 297: character maps to <undefined>"},"type":"ws_msg"}
{"payload":{"local_timestamp":1710602943607,"message_id":77,"stderr":true,"stdout":"\n"},"type":"ws_msg"}
{"payload":{"local_timestamp":1710602943881,"message_id":78,"metric":{"epoch":null,"metricName":"sys.cpu.percent.avg","metricValue":0.0,"step":null}},"type":"metric_msg"}
{"payload":{"local_timestamp":1710602943881,"message_id":79,"metric":{"epoch":null,"metricName":"sys.ram.total","metricValue":68535443456,"step":null}},"type":"metric_msg"}
{"payload":{"local_timestamp":1710602943881,"message_id":80,"metric":{"epoch":null,"metricName":"sys.ram.used","metricValue":25605042176,"step":null}},"type":"metric_msg"}
{"payload":{"local_timestamp":1710602943881,"message_id":81,"metric":{"epoch":null,"metricName":"sys.ram.available","metricValue":42930401280,"step":null}},"type":"metric_msg"}
{"payload":{"local_timestamp":1710602943881,"message_id":82,"metric":{"epoch":null,"metricName":"sys.ram.percent.used","metricValue":37.4,"step":null}},"type":"metric_msg"}
{"payload":{"local_timestamp":1710602943881,"message_id":83,"metric":{"epoch":null,"metricName":"sys.load.avg","metricValue":0.0,"step":null}},"type":"metric_msg"}
{"payload":{"git_meta":{"branch":"refs/heads/master","origin":"https://github.com/ultralytics/yolov5.git","parent":"db125a20175384d75560dc9af7fb1100d67213fe","repo_name":"yolov5","root":"1e84a23f38fad9e52b59101e9f1246d93066ed1e","status":null,"user":null},"local_timestamp":1710602944109,"message_id":84},"type":"ws_msg"}
{"payload":{"local_timestamp":1710602944109,"message_id":85,"stderr":true,"stdout":"\u001b[1;38;5;39mCOMET INFO:\u001b[0m ---------------------------------------------------------------------------------------\n"},"type":"ws_msg"}
{"payload":{"local_timestamp":1710602944109,"message_id":86,"stderr":true,"stdout":"\u001b[1;38;5;39mCOMET INFO:\u001b[0m Comet.ml OfflineExperiment Summary\n"},"type":"ws_msg"}
{"payload":{"local_timestamp":1710602944109,"message_id":87,"stderr":true,"stdout":"\u001b[1;38;5;39mCOMET INFO:\u001b[0m ---------------------------------------------------------------------------------------\n"},"type":"ws_msg"}
{"payload":{"local_timestamp":1710602944109,"message_id":88,"stderr":true,"stdout":"\u001b[1;38;5;39mCOMET INFO:\u001b[0m   Data:\n"},"type":"ws_msg"}
{"payload":{"local_timestamp":1710602944109,"message_id":89,"stderr":true,"stdout":"\u001b[1;38;5;39mCOMET INFO:\u001b[0m     display_summary_level : 1\n"},"type":"ws_msg"}
{"payload":{"local_timestamp":1710602944109,"message_id":90,"stderr":true,"stdout":"\u001b[1;38;5;39mCOMET INFO:\u001b[0m     url                   : [OfflineExperiment will get URL after upload]\n"},"type":"ws_msg"}
{"payload":{"local_timestamp":1710602944109,"message_id":91,"stderr":true,"stdout":"\u001b[1;38;5;39mCOMET INFO:\u001b[0m   Others:\n"},"type":"ws_msg"}
{"payload":{"local_timestamp":1710602944109,"message_id":92,"stderr":true,"stdout":"\u001b[1;38;5;39mCOMET INFO:\u001b[0m     Name               : exp\n"},"type":"ws_msg"}
{"payload":{"local_timestamp":1710602944113,"message_id":93,"stderr":true,"stdout":"\u001b[1;38;5;39mCOMET INFO:\u001b[0m     offline_experiment : True\n"},"type":"ws_msg"}
{"payload":{"local_timestamp":1710602944113,"message_id":94,"stderr":true,"stdout":"\u001b[1;38;5;39mCOMET INFO:\u001b[0m   Uploads:\n"},"type":"ws_msg"}
{"payload":{"local_timestamp":1710602944113,"message_id":95,"stderr":true,"stdout":"\u001b[1;38;5;39mCOMET INFO:\u001b[0m     environment details : 1\n"},"type":"ws_msg"}
{"payload":{"local_timestamp":1710602944113,"message_id":96,"stderr":true,"stdout":"\u001b[1;38;5;39mCOMET INFO:\u001b[0m     git metadata        : 1\n"},"type":"ws_msg"}
{"payload":{"local_timestamp":1710602944113,"message_id":97,"stderr":true,"stdout":"\u001b[1;38;5;39mCOMET INFO:\u001b[0m     installed packages  : 1\n"},"type":"ws_msg"}
{"payload":{"local_timestamp":1710602944113,"message_id":98,"stderr":true,"stdout":"\u001b[1;38;5;39mCOMET INFO:\u001b[0m \n"},"type":"ws_msg"}
